Product Name, Pricing, Ratings
APPLE Watch Series 6 GPS + Cellular 40 mm Space Grey Aluminium Case with Black Sport Band,₹49,900,4.5
APPLE Watch Series 3 GPS - 38 mm Space Grey Aluminium Case with Black Sport Band,₹20,900,4.6
APPLE Watch Series 3 GPS - 42 mm Space Grey Aluminium Case with Black Sport Band,₹22,900,4.6
APPLE Watch Series 6 GPS 44 mm Space Grey Aluminium Case with Black Sport Band,₹43,900,4.5
APPLE Watch Series 6 GPS + Cellular 40 mm Silver Aluminium Case with White Sport Band,₹49,900,4.5
APPLE Watch Series 6 GPS 40 mm Space Grey Aluminium Case with Black Sport Band,₹40,900,4.5
APPLE Watch Series 6 GPS + Cellular 44 mm Gold Aluminium Case with Pink Sand Sport Band,₹52,900,4.5
APPLE Watch Series 6 GPS 40 mm Gold Aluminium Case with Pink Sand Sport Band,₹40,900,4.5
APPLE Watch Series 6 GPS 40 mm Blue Aluminium Case with Deep Navy Sport Band,₹40,900,4.5
APPLE Watch Series 5 GPS + Cellular 44 mm Space Grey Aluminium Case with Black Sport Band,₹52,900,4.7
APPLE Watch Series 6 GPS 40 mm Silver Aluminium Case with White Sport Band,₹40,900,4.5
APPLE Watch Series 6 GPS 44 mm Red Aluminium Case with Product (Red) Sport Band,₹43,900,4.5
APPLE Watch Series 3 GPS - 38 mm Silver Aluminium Case with Fog Sport Band,₹20,900,4.6
APPLE Watch Series 6 GPS + Cellular 40 mm Gold Aluminium Case with Pink Sand Sport Band,₹49,900,4.5
APPLE Watch Series 6 GPS + Cellular 44 mm Gold Stainless Steel Case with Gold Milanese Loop,₹77,900,4.7
APPLE Watch Series 6 GPS + Cellular 40 mm Red Aluminium Case With Product (Red) Sport Band,₹49,900,4.5
APPLE Watch Series 6 GPS + Cellular 40 mm Blue Aluminium Case with Deep Navy Sport Band,₹49,900,4.5
APPLE Watch Series 6 GPS 44 mm Blue Aluminium Case with Deep Navy Sport Band,₹43,900,4.5
APPLE Watch Series 6 GPS + Cellular 44 mm Space Grey Aluminium Case with Black Sport Band,₹52,900,4.5
APPLE Watch Series 6 GPS + Cellular 40 mm Graphite Stainless Steel Case with Graphite Milanese Loop,₹73,900,4.7
APPLE Watch Series 6 GPS + Cellular 40 mm Gold Stainless Steel Case with Gold Milanese Loop,₹73,900,4.7
APPLE Watch Series 6 GPS + Cellular 44 mm Silver Stainless Steel Case with Silver Milanese Loop,₹77,900,4.7
APPLE Watch Series 5 GPS + Cellular 40 mm Space Grey Aluminium Case with Black Sport Band,₹49,900,4.5
APPLE Apple Watch SE 40 mm Gold Aluminium Case with Pink Sand Sport Band,₹29,900,4.7
